# OpenTelemetry Metrics report: .gz, 4 fields: 
# <metric name>, <period start, nanoseconds>, <period end, nanoseconds>, <metric value>
# See BasicCsvMetricsExporter for details.
# 
# NAME, PERIOD_START_NANOS, PERIOD_END_NANOS, VALUE
FilePageCache.pageFastCacheHits,1714128905862000000,1714128965887000000,124625
StorageLockContext.competingThreads.max,1714128905862000000,1714128965887000000,0
FilePageCache.capacityInBytes,1714128905862000000,1714128965887000000,524288000
StorageLockContext.competingThreads.avg,1714128905862000000,1714128965887000000,0.0
FilePageCache.pageLoads,1714128905862000000,1714128965887000000,495
FilePageCache.uncachedFileAccess,1714128905862000000,1714128965887000000,235
DirectByteBufferAllocator.totalSizeOfBuffersCachedInBytes,1714128905862000000,1714128965887000000,0
FilePageCache.pageHits,1714128905862000000,1714128965887000000,410
DirectByteBufferAllocator.disposed,1714128905862000000,1714128965887000000,34
DirectByteBufferAllocator.reclaimed,1714128905862000000,1714128965887000000,0
FilePageCache.maxCacheSizeInBytes,1714128905862000000,1714128965887000000,290054144
FilePageCache.totalPageLoadsUs,1714128905862000000,1714128965887000000,481603
FilePageCache.pageLoadsAboveSizeThreshold,1714128905862000000,1714128965887000000,0
FilePageCache.maxRegisteredFiles,1714128905862000000,1714128965887000000,660
FilePageCache.totalPageDisposalsUs,1714128905862000000,1714128965887000000,9706
DirectByteBufferAllocator.misses,1714128905862000000,1714128965887000000,495
StorageLockContext.competingThreads.90P,1714128905862000000,1714128965887000000,0
DirectByteBufferAllocator.hits,1714128905862000000,1714128965887000000,0
FilePageCache.disposedBuffers,1714128905862000000,1714128965887000000,34
FileNameCache.queries,1714128905862000000,1714128965887000000,102666
FileNameCache.fastMisses,1714128905862000000,1714128965887000000,2144
FileNameCache.totalMisses,1714128905862000000,1714128965887000000,1455
FlushQueue.queueSizeMax,1714128905862000000,1714128965887000000,166
FlushQueue.executionTimeMaxNs,1714128905862000000,1714128965887000000,2248146943
FlushQueue.waitingTime90PNs,1714128905862000000,1714128965887000000,4898947071
FlushQueue.queueSizeAvg,1714128905862000000,1714128965887000000,39.8984126984127
AWTEventQueue.dispatchTimeMaxNs,1714128905862000000,1714128965887000000,2248146943
AWTEventQueue.dispatchTime90PNs,1714128905862000000,1714128965887000000,9437183
FlushQueue.tasksExecuted,1714128905862000000,1714128965887000000,1575
NonBlockingReadAction.finalizedExecutionTimeUs,1714128905862000000,1714128965887000000,1156402
FlushQueue.waitingTimeAvgNs,1714128905862000000,1714128965887000000,1.0938869079314287E9
FlushQueue.waitingTimeMaxNs,1714128905862000000,1714128965887000000,7113539583
FlushQueue.executionTime90PNs,1714128905862000000,1714128965887000000,5865471
FlushQueue.executionTimeAvgNs,1714128905862000000,1714128965887000000,5814091.572698412
FlushQueue.queueSize90P,1714128905862000000,1714128965887000000,141
AWTEventQueue.dispatchTimeAvgNs,1714128905862000000,1714128965887000000,7341949.054461774
NonBlockingReadAction.failedExecutionsCount,1714128905862000000,1714128965887000000,0
NonBlockingReadAction.finalizedExecutionsCount,1714128905862000000,1714128965887000000,28
NonBlockingReadAction.failedExecutionTimeUs,1714128905862000000,1714128965887000000,0
AWTEventQueue.eventsDispatched,1714128905862000000,1714128965887000000,3911
FilePageCache.pageFastCacheHits,1714128965887000000,1714129025885000000,4364051
StorageLockContext.competingThreads.max,1714128965887000000,1714129025885000000,0
FilePageCache.capacityInBytes,1714128965887000000,1714129025885000000,524288000
StorageLockContext.competingThreads.avg,1714128965887000000,1714129025885000000,0.0
FilePageCache.pageLoads,1714128965887000000,1714129025885000000,1098
FilePageCache.uncachedFileAccess,1714128965887000000,1714129025885000000,315
DirectByteBufferAllocator.totalSizeOfBuffersCachedInBytes,1714128965887000000,1714129025885000000,0
FilePageCache.pageHits,1714128965887000000,1714129025885000000,179339
DirectByteBufferAllocator.disposed,1714128965887000000,1714129025885000000,106
DirectByteBufferAllocator.reclaimed,1714128965887000000,1714129025885000000,0
FilePageCache.maxCacheSizeInBytes,1714128965887000000,1714129025885000000,331374592
FilePageCache.totalPageLoadsUs,1714128965887000000,1714129025885000000,304562
FilePageCache.pageLoadsAboveSizeThreshold,1714128965887000000,1714129025885000000,0
FilePageCache.maxRegisteredFiles,1714128965887000000,1714129025885000000,703
FilePageCache.totalPageDisposalsUs,1714128965887000000,1714129025885000000,13449
DirectByteBufferAllocator.misses,1714128965887000000,1714129025885000000,1098
StorageLockContext.competingThreads.90P,1714128965887000000,1714129025885000000,0
DirectByteBufferAllocator.hits,1714128965887000000,1714129025885000000,0
FilePageCache.disposedBuffers,1714128965887000000,1714129025885000000,106
FileNameCache.queries,1714128965887000000,1714129025885000000,9437483
FileNameCache.fastMisses,1714128965887000000,1714129025885000000,417347
FileNameCache.totalMisses,1714128965887000000,1714129025885000000,190819
FlushQueue.queueSizeMax,1714128965887000000,1714129025885000000,475
FlushQueue.executionTimeMaxNs,1714128965887000000,1714129025885000000,2550136831
FlushQueue.waitingTime90PNs,1714128965887000000,1714129025885000000,2717908991
FlushQueue.queueSizeAvg,1714128965887000000,1714129025885000000,80.23020899303357
AWTEventQueue.dispatchTimeMaxNs,1714128965887000000,1714129025885000000,2566914047
AWTEventQueue.dispatchTime90PNs,1714128965887000000,1714129025885000000,6717439
FlushQueue.tasksExecuted,1714128965887000000,1714129025885000000,3158
NonBlockingReadAction.finalizedExecutionTimeUs,1714128965887000000,1714129025885000000,8941248
FlushQueue.waitingTimeAvgNs,1714128965887000000,1714129025885000000,1.0530139706339456E9
FlushQueue.waitingTimeMaxNs,1714128965887000000,1714129025885000000,5637144575
FlushQueue.executionTime90PNs,1714128965887000000,1714129025885000000,4882431
FlushQueue.executionTimeAvgNs,1714128965887000000,1714129025885000000,5020718.616529449
FlushQueue.queueSize90P,1714128965887000000,1714129025885000000,223
AWTEventQueue.dispatchTimeAvgNs,1714128965887000000,1714129025885000000,5345955.409681228
NonBlockingReadAction.failedExecutionsCount,1714128965887000000,1714129025885000000,6
NonBlockingReadAction.finalizedExecutionsCount,1714128965887000000,1714129025885000000,135
NonBlockingReadAction.failedExecutionTimeUs,1714128965887000000,1714129025885000000,2653146
AWTEventQueue.eventsDispatched,1714128965887000000,1714129025885000000,7623
FilePageCache.pageFastCacheHits,1714129025885000000,1714129085889000000,5197310
StorageLockContext.competingThreads.max,1714129025885000000,1714129085889000000,1
FilePageCache.capacityInBytes,1714129025885000000,1714129085889000000,524288000
StorageLockContext.competingThreads.avg,1714129025885000000,1714129085889000000,0.01680672268907563
FilePageCache.pageLoads,1714129025885000000,1714129085889000000,217
FilePageCache.uncachedFileAccess,1714129025885000000,1714129085889000000,804
DirectByteBufferAllocator.totalSizeOfBuffersCachedInBytes,1714129025885000000,1714129085889000000,0
FilePageCache.pageHits,1714129025885000000,1714129085889000000,66262
DirectByteBufferAllocator.disposed,1714129025885000000,1714129085889000000,23
DirectByteBufferAllocator.reclaimed,1714129025885000000,1714129085889000000,0
FilePageCache.maxCacheSizeInBytes,1714129025885000000,1714129085889000000,502546432
FilePageCache.totalPageLoadsUs,1714129025885000000,1714129085889000000,202453
FilePageCache.pageLoadsAboveSizeThreshold,1714129025885000000,1714129085889000000,0
FilePageCache.maxRegisteredFiles,1714129025885000000,1714129085889000000,718
FilePageCache.totalPageDisposalsUs,1714129025885000000,1714129085889000000,801
DirectByteBufferAllocator.misses,1714129025885000000,1714129085889000000,217
StorageLockContext.competingThreads.90P,1714129025885000000,1714129085889000000,0
DirectByteBufferAllocator.hits,1714129025885000000,1714129085889000000,0
FilePageCache.disposedBuffers,1714129025885000000,1714129085889000000,23
FileNameCache.queries,1714129025885000000,1714129085889000000,8189932
FileNameCache.fastMisses,1714129025885000000,1714129085889000000,448034
FileNameCache.totalMisses,1714129025885000000,1714129085889000000,73358
FlushQueue.queueSizeMax,1714129025885000000,1714129085889000000,2111
FlushQueue.executionTimeMaxNs,1714129025885000000,1714129085889000000,809500671
FlushQueue.waitingTime90PNs,1714129025885000000,1714129085889000000,788529151
FlushQueue.queueSizeAvg,1714129025885000000,1714129085889000000,501.67866588304435
AWTEventQueue.dispatchTimeMaxNs,1714129025885000000,1714129085889000000,813694975
AWTEventQueue.dispatchTime90PNs,1714129025885000000,1714129085889000000,4194303
FlushQueue.tasksExecuted,1714129025885000000,1714129085889000000,6806
NonBlockingReadAction.finalizedExecutionTimeUs,1714129025885000000,1714129085889000000,72431672
FlushQueue.waitingTimeAvgNs,1714129025885000000,1714129085889000000,2.5661995220334998E8
FlushQueue.waitingTimeMaxNs,1714129025885000000,1714129085889000000,1342177279
FlushQueue.executionTime90PNs,1714129025885000000,1714129085889000000,1785855
FlushQueue.executionTimeAvgNs,1714129025885000000,1714129085889000000,1738345.382603585
FlushQueue.queueSize90P,1714129025885000000,1714129085889000000,1583
AWTEventQueue.dispatchTimeAvgNs,1714129025885000000,1714129085889000000,2367871.1778791333
NonBlockingReadAction.failedExecutionsCount,1714129025885000000,1714129085889000000,14
NonBlockingReadAction.finalizedExecutionsCount,1714129025885000000,1714129085889000000,3849
NonBlockingReadAction.failedExecutionTimeUs,1714129025885000000,1714129085889000000,1032399
AWTEventQueue.eventsDispatched,1714129025885000000,1714129085889000000,7016
FilePageCache.pageFastCacheHits,1714129085889000000,1714129145888000000,312
StorageLockContext.competingThreads.max,1714129085889000000,1714129145888000000,0
FilePageCache.capacityInBytes,1714129085889000000,1714129145888000000,524288000
StorageLockContext.competingThreads.avg,1714129085889000000,1714129145888000000,0.0
FilePageCache.pageLoads,1714129085889000000,1714129145888000000,0
FilePageCache.uncachedFileAccess,1714129085889000000,1714129145888000000,0
DirectByteBufferAllocator.totalSizeOfBuffersCachedInBytes,1714129085889000000,1714129145888000000,0
FilePageCache.pageHits,1714129085889000000,1714129145888000000,0
DirectByteBufferAllocator.disposed,1714129085889000000,1714129145888000000,0
DirectByteBufferAllocator.reclaimed,1714129085889000000,1714129145888000000,0
FilePageCache.maxCacheSizeInBytes,1714129085889000000,1714129145888000000,502546432
FilePageCache.totalPageLoadsUs,1714129085889000000,1714129145888000000,0
FilePageCache.pageLoadsAboveSizeThreshold,1714129085889000000,1714129145888000000,0
FilePageCache.maxRegisteredFiles,1714129085889000000,1714129145888000000,718
FilePageCache.totalPageDisposalsUs,1714129085889000000,1714129145888000000,0
DirectByteBufferAllocator.misses,1714129085889000000,1714129145888000000,0
StorageLockContext.competingThreads.90P,1714129085889000000,1714129145888000000,0
DirectByteBufferAllocator.hits,1714129085889000000,1714129145888000000,0
FilePageCache.disposedBuffers,1714129085889000000,1714129145888000000,0
FileNameCache.queries,1714129085889000000,1714129145888000000,1560
FileNameCache.fastMisses,1714129085889000000,1714129145888000000,0
FileNameCache.totalMisses,1714129085889000000,1714129145888000000,0
FlushQueue.queueSizeMax,1714129085889000000,1714129145888000000,1
FlushQueue.executionTimeMaxNs,1714129085889000000,1714129145888000000,59768831
FlushQueue.waitingTime90PNs,1714129085889000000,1714129145888000000,757759
FlushQueue.queueSizeAvg,1714129085889000000,1714129145888000000,0.06481481481481481
AWTEventQueue.dispatchTimeMaxNs,1714129085889000000,1714129145888000000,63438847
AWTEventQueue.dispatchTime90PNs,1714129085889000000,1714129145888000000,432127
FlushQueue.tasksExecuted,1714129085889000000,1714129145888000000,324
NonBlockingReadAction.finalizedExecutionTimeUs,1714129085889000000,1714129145888000000,15651
FlushQueue.waitingTimeAvgNs,1714129085889000000,1714129145888000000,901176.3950617284
FlushQueue.waitingTimeMaxNs,1714129085889000000,1714129145888000000,59506687
FlushQueue.executionTime90PNs,1714129085889000000,1714129145888000000,802815
FlushQueue.executionTimeAvgNs,1714129085889000000,1714129145888000000,558645.7283950617
FlushQueue.queueSize90P,1714129085889000000,1714129145888000000,0
AWTEventQueue.dispatchTimeAvgNs,1714129085889000000,1714129145888000000,305337.05333333334
NonBlockingReadAction.failedExecutionsCount,1714129085889000000,1714129145888000000,0
NonBlockingReadAction.finalizedExecutionsCount,1714129085889000000,1714129145888000000,24
NonBlockingReadAction.failedExecutionTimeUs,1714129085889000000,1714129145888000000,0
AWTEventQueue.eventsDispatched,1714129085889000000,1714129145888000000,3600
FilePageCache.pageFastCacheHits,1714129145888000000,1714129205887000000,5214
StorageLockContext.competingThreads.max,1714129145888000000,1714129205887000000,0
FilePageCache.capacityInBytes,1714129145888000000,1714129205887000000,524288000
StorageLockContext.competingThreads.avg,1714129145888000000,1714129205887000000,0.0
FilePageCache.pageLoads,1714129145888000000,1714129205887000000,0
FilePageCache.uncachedFileAccess,1714129145888000000,1714129205887000000,0
DirectByteBufferAllocator.totalSizeOfBuffersCachedInBytes,1714129145888000000,1714129205887000000,0
FilePageCache.pageHits,1714129145888000000,1714129205887000000,104
DirectByteBufferAllocator.disposed,1714129145888000000,1714129205887000000,0
DirectByteBufferAllocator.reclaimed,1714129145888000000,1714129205887000000,0
FilePageCache.maxCacheSizeInBytes,1714129145888000000,1714129205887000000,502546432
FilePageCache.totalPageLoadsUs,1714129145888000000,1714129205887000000,0
FilePageCache.pageLoadsAboveSizeThreshold,1714129145888000000,1714129205887000000,0
FilePageCache.maxRegisteredFiles,1714129145888000000,1714129205887000000,718
FilePageCache.totalPageDisposalsUs,1714129145888000000,1714129205887000000,0
DirectByteBufferAllocator.misses,1714129145888000000,1714129205887000000,0
StorageLockContext.competingThreads.90P,1714129145888000000,1714129205887000000,0
DirectByteBufferAllocator.hits,1714129145888000000,1714129205887000000,0
FilePageCache.disposedBuffers,1714129145888000000,1714129205887000000,0
FileNameCache.queries,1714129145888000000,1714129205887000000,27166
FileNameCache.fastMisses,1714129145888000000,1714129205887000000,126
FileNameCache.totalMisses,1714129145888000000,1714129205887000000,0
FlushQueue.queueSizeMax,1714129145888000000,1714129205887000000,15
FlushQueue.executionTimeMaxNs,1714129145888000000,1714129205887000000,21364735
FlushQueue.waitingTime90PNs,1714129145888000000,1714129205887000000,266239
FlushQueue.queueSizeAvg,1714129145888000000,1714129205887000000,0.22502250225022502
AWTEventQueue.dispatchTimeMaxNs,1714129145888000000,1714129205887000000,21364735
AWTEventQueue.dispatchTime90PNs,1714129145888000000,1714129205887000000,319487
FlushQueue.tasksExecuted,1714129145888000000,1714129205887000000,1111
NonBlockingReadAction.finalizedExecutionTimeUs,1714129145888000000,1714129205887000000,28203
FlushQueue.waitingTimeAvgNs,1714129145888000000,1714129205887000000,780178.5130513051
FlushQueue.waitingTimeMaxNs,1714129145888000000,1714129205887000000,36175871
FlushQueue.executionTime90PNs,1714129145888000000,1714129205887000000,348159
FlushQueue.executionTimeAvgNs,1714129145888000000,1714129205887000000,259143.90459045905
FlushQueue.queueSize90P,1714129145888000000,1714129205887000000,0
AWTEventQueue.dispatchTimeAvgNs,1714129145888000000,1714129205887000000,235436.72553699283
NonBlockingReadAction.failedExecutionsCount,1714129145888000000,1714129205887000000,0
NonBlockingReadAction.finalizedExecutionsCount,1714129145888000000,1714129205887000000,500
NonBlockingReadAction.failedExecutionTimeUs,1714129145888000000,1714129205887000000,0
AWTEventQueue.eventsDispatched,1714129145888000000,1714129205887000000,4190
FilePageCache.pageFastCacheHits,1714129205887000000,1714129265893000000,339
StorageLockContext.competingThreads.max,1714129205887000000,1714129265893000000,0
FilePageCache.capacityInBytes,1714129205887000000,1714129265893000000,524288000
StorageLockContext.competingThreads.avg,1714129205887000000,1714129265893000000,0.0
FilePageCache.pageLoads,1714129205887000000,1714129265893000000,0
FilePageCache.uncachedFileAccess,1714129205887000000,1714129265893000000,0
DirectByteBufferAllocator.totalSizeOfBuffersCachedInBytes,1714129205887000000,1714129265893000000,0
FilePageCache.pageHits,1714129205887000000,1714129265893000000,2
DirectByteBufferAllocator.disposed,1714129205887000000,1714129265893000000,0
DirectByteBufferAllocator.reclaimed,1714129205887000000,1714129265893000000,0
FilePageCache.maxCacheSizeInBytes,1714129205887000000,1714129265893000000,502546432
FilePageCache.totalPageLoadsUs,1714129205887000000,1714129265893000000,0
FilePageCache.pageLoadsAboveSizeThreshold,1714129205887000000,1714129265893000000,0
FilePageCache.maxRegisteredFiles,1714129205887000000,1714129265893000000,718
FilePageCache.totalPageDisposalsUs,1714129205887000000,1714129265893000000,0
DirectByteBufferAllocator.misses,1714129205887000000,1714129265893000000,0
StorageLockContext.competingThreads.90P,1714129205887000000,1714129265893000000,0
DirectByteBufferAllocator.hits,1714129205887000000,1714129265893000000,0
FilePageCache.disposedBuffers,1714129205887000000,1714129265893000000,0
FileNameCache.queries,1714129205887000000,1714129265893000000,12508
FileNameCache.fastMisses,1714129205887000000,1714129265893000000,104
FileNameCache.totalMisses,1714129205887000000,1714129265893000000,5
FlushQueue.queueSizeMax,1714129205887000000,1714129265893000000,1
FlushQueue.executionTimeMaxNs,1714129205887000000,1714129265893000000,7176191
FlushQueue.waitingTime90PNs,1714129205887000000,1714129265893000000,397311
FlushQueue.queueSizeAvg,1714129205887000000,1714129265893000000,0.05555555555555555
AWTEventQueue.dispatchTimeMaxNs,1714129205887000000,1714129265893000000,48234495
AWTEventQueue.dispatchTime90PNs,1714129205887000000,1714129265893000000,399359
FlushQueue.tasksExecuted,1714129205887000000,1714129265893000000,324
NonBlockingReadAction.finalizedExecutionTimeUs,1714129205887000000,1714129265893000000,78759
FlushQueue.waitingTimeAvgNs,1714129205887000000,1714129265893000000,542780.5308641975
FlushQueue.waitingTimeMaxNs,1714129205887000000,1714129265893000000,24379391
FlushQueue.executionTime90PNs,1714129205887000000,1714129265893000000,626687
FlushQueue.executionTimeAvgNs,1714129205887000000,1714129265893000000,314919.7037037037
FlushQueue.queueSize90P,1714129205887000000,1714129265893000000,0
AWTEventQueue.dispatchTimeAvgNs,1714129205887000000,1714129265893000000,250087.94238227146
NonBlockingReadAction.failedExecutionsCount,1714129205887000000,1714129265893000000,0
NonBlockingReadAction.finalizedExecutionsCount,1714129205887000000,1714129265893000000,28
NonBlockingReadAction.failedExecutionTimeUs,1714129205887000000,1714129265893000000,0
AWTEventQueue.eventsDispatched,1714129205887000000,1714129265893000000,3610
FilePageCache.pageFastCacheHits,1714129265893000000,1714129325884000000,312
StorageLockContext.competingThreads.max,1714129265893000000,1714129325884000000,0
FilePageCache.capacityInBytes,1714129265893000000,1714129325884000000,524288000
StorageLockContext.competingThreads.avg,1714129265893000000,1714129325884000000,0.0
FilePageCache.pageLoads,1714129265893000000,1714129325884000000,0
FilePageCache.uncachedFileAccess,1714129265893000000,1714129325884000000,0
DirectByteBufferAllocator.totalSizeOfBuffersCachedInBytes,1714129265893000000,1714129325884000000,0
FilePageCache.pageHits,1714129265893000000,1714129325884000000,0
DirectByteBufferAllocator.disposed,1714129265893000000,1714129325884000000,0
DirectByteBufferAllocator.reclaimed,1714129265893000000,1714129325884000000,0
FilePageCache.maxCacheSizeInBytes,1714129265893000000,1714129325884000000,502546432
FilePageCache.totalPageLoadsUs,1714129265893000000,1714129325884000000,0
FilePageCache.pageLoadsAboveSizeThreshold,1714129265893000000,1714129325884000000,0
FilePageCache.maxRegisteredFiles,1714129265893000000,1714129325884000000,718
FilePageCache.totalPageDisposalsUs,1714129265893000000,1714129325884000000,0
DirectByteBufferAllocator.misses,1714129265893000000,1714129325884000000,0
StorageLockContext.competingThreads.90P,1714129265893000000,1714129325884000000,0
DirectByteBufferAllocator.hits,1714129265893000000,1714129325884000000,0
FilePageCache.disposedBuffers,1714129265893000000,1714129325884000000,0
FileNameCache.queries,1714129265893000000,1714129325884000000,1560
FileNameCache.fastMisses,1714129265893000000,1714129325884000000,0
FileNameCache.totalMisses,1714129265893000000,1714129325884000000,0
FlushQueue.queueSizeMax,1714129265893000000,1714129325884000000,1
FlushQueue.executionTimeMaxNs,1714129265893000000,1714129325884000000,7536639
FlushQueue.waitingTime90PNs,1714129265893000000,1714129325884000000,374783
FlushQueue.queueSizeAvg,1714129265893000000,1714129325884000000,0.08359133126934984
AWTEventQueue.dispatchTimeMaxNs,1714129265893000000,1714129325884000000,68157439
AWTEventQueue.dispatchTime90PNs,1714129265893000000,1714129325884000000,380927
FlushQueue.tasksExecuted,1714129265893000000,1714129325884000000,323
NonBlockingReadAction.finalizedExecutionTimeUs,1714129265893000000,1714129325884000000,12021
FlushQueue.waitingTimeAvgNs,1714129265893000000,1714129325884000000,452320.3962848297
FlushQueue.waitingTimeMaxNs,1714129265893000000,1714129325884000000,12189695
FlushQueue.executionTime90PNs,1714129265893000000,1714129325884000000,464895
FlushQueue.executionTimeAvgNs,1714129265893000000,1714129325884000000,235424.9907120743
FlushQueue.queueSize90P,1714129265893000000,1714129325884000000,0
AWTEventQueue.dispatchTimeAvgNs,1714129265893000000,1714129325884000000,235382.28713144118
NonBlockingReadAction.failedExecutionsCount,1714129265893000000,1714129325884000000,0
NonBlockingReadAction.finalizedExecutionsCount,1714129265893000000,1714129325884000000,24
NonBlockingReadAction.failedExecutionTimeUs,1714129265893000000,1714129325884000000,0
AWTEventQueue.eventsDispatched,1714129265893000000,1714129325884000000,3629
FilePageCache.pageFastCacheHits,1714129325884000000,1714129385884000000,18276
StorageLockContext.competingThreads.max,1714129325884000000,1714129385884000000,0
FilePageCache.capacityInBytes,1714129325884000000,1714129385884000000,524288000
StorageLockContext.competingThreads.avg,1714129325884000000,1714129385884000000,0.0
FilePageCache.pageLoads,1714129325884000000,1714129385884000000,0
FilePageCache.uncachedFileAccess,1714129325884000000,1714129385884000000,2
DirectByteBufferAllocator.totalSizeOfBuffersCachedInBytes,1714129325884000000,1714129385884000000,0
FilePageCache.pageHits,1714129325884000000,1714129385884000000,58
DirectByteBufferAllocator.disposed,1714129325884000000,1714129385884000000,0
DirectByteBufferAllocator.reclaimed,1714129325884000000,1714129385884000000,0
FilePageCache.maxCacheSizeInBytes,1714129325884000000,1714129385884000000,502546432
FilePageCache.totalPageLoadsUs,1714129325884000000,1714129385884000000,0
FilePageCache.pageLoadsAboveSizeThreshold,1714129325884000000,1714129385884000000,0
FilePageCache.maxRegisteredFiles,1714129325884000000,1714129385884000000,718
FilePageCache.totalPageDisposalsUs,1714129325884000000,1714129385884000000,0
DirectByteBufferAllocator.misses,1714129325884000000,1714129385884000000,0
StorageLockContext.competingThreads.90P,1714129325884000000,1714129385884000000,0
DirectByteBufferAllocator.hits,1714129325884000000,1714129385884000000,0
FilePageCache.disposedBuffers,1714129325884000000,1714129385884000000,0
FileNameCache.queries,1714129325884000000,1714129385884000000,371118
FileNameCache.fastMisses,1714129325884000000,1714129385884000000,5323
FileNameCache.totalMisses,1714129325884000000,1714129385884000000,260
FlushQueue.queueSizeMax,1714129325884000000,1714129385884000000,1
FlushQueue.executionTimeMaxNs,1714129325884000000,1714129385884000000,8454143
FlushQueue.waitingTime90PNs,1714129325884000000,1714129385884000000,458751
FlushQueue.queueSizeAvg,1714129325884000000,1714129385884000000,0.05864197530864197
AWTEventQueue.dispatchTimeMaxNs,1714129325884000000,1714129385884000000,35127295
AWTEventQueue.dispatchTime90PNs,1714129325884000000,1714129385884000000,305151
FlushQueue.tasksExecuted,1714129325884000000,1714129385884000000,324
NonBlockingReadAction.finalizedExecutionTimeUs,1714129325884000000,1714129385884000000,1218371
FlushQueue.waitingTimeAvgNs,1714129325884000000,1714129385884000000,337055.74074074073
FlushQueue.waitingTimeMaxNs,1714129325884000000,1714129385884000000,8191999
FlushQueue.executionTime90PNs,1714129325884000000,1714129385884000000,411647
FlushQueue.executionTimeAvgNs,1714129325884000000,1714129385884000000,217760.0
FlushQueue.queueSize90P,1714129325884000000,1714129385884000000,0
AWTEventQueue.dispatchTimeAvgNs,1714129325884000000,1714129385884000000,159935.23296703296
NonBlockingReadAction.failedExecutionsCount,1714129325884000000,1714129385884000000,0
NonBlockingReadAction.finalizedExecutionsCount,1714129325884000000,1714129385884000000,276
NonBlockingReadAction.failedExecutionTimeUs,1714129325884000000,1714129385884000000,0
AWTEventQueue.eventsDispatched,1714129325884000000,1714129385884000000,3640
FilePageCache.pageFastCacheHits,1714129385884000000,1714129445885000000,312
StorageLockContext.competingThreads.max,1714129385884000000,1714129445885000000,0
FilePageCache.capacityInBytes,1714129385884000000,1714129445885000000,524288000
StorageLockContext.competingThreads.avg,1714129385884000000,1714129445885000000,0.0
FilePageCache.pageLoads,1714129385884000000,1714129445885000000,0
FilePageCache.uncachedFileAccess,1714129385884000000,1714129445885000000,0
DirectByteBufferAllocator.totalSizeOfBuffersCachedInBytes,1714129385884000000,1714129445885000000,0
FilePageCache.pageHits,1714129385884000000,1714129445885000000,0
DirectByteBufferAllocator.disposed,1714129385884000000,1714129445885000000,0
DirectByteBufferAllocator.reclaimed,1714129385884000000,1714129445885000000,0
FilePageCache.maxCacheSizeInBytes,1714129385884000000,1714129445885000000,502546432
FilePageCache.totalPageLoadsUs,1714129385884000000,1714129445885000000,0
FilePageCache.pageLoadsAboveSizeThreshold,1714129385884000000,1714129445885000000,0
FilePageCache.maxRegisteredFiles,1714129385884000000,1714129445885000000,718
FilePageCache.totalPageDisposalsUs,1714129385884000000,1714129445885000000,0
DirectByteBufferAllocator.misses,1714129385884000000,1714129445885000000,0
StorageLockContext.competingThreads.90P,1714129385884000000,1714129445885000000,0
DirectByteBufferAllocator.hits,1714129385884000000,1714129445885000000,0
FilePageCache.disposedBuffers,1714129385884000000,1714129445885000000,0
FileNameCache.queries,1714129385884000000,1714129445885000000,1573
FileNameCache.fastMisses,1714129385884000000,1714129445885000000,1
FileNameCache.totalMisses,1714129385884000000,1714129445885000000,0
FlushQueue.queueSizeMax,1714129385884000000,1714129445885000000,1
FlushQueue.executionTimeMaxNs,1714129385884000000,1714129445885000000,4390911
FlushQueue.waitingTime90PNs,1714129385884000000,1714129445885000000,266239
FlushQueue.queueSizeAvg,1714129385884000000,1714129445885000000,0.07407407407407407
AWTEventQueue.dispatchTimeMaxNs,1714129385884000000,1714129445885000000,9830399
AWTEventQueue.dispatchTime90PNs,1714129385884000000,1714129445885000000,258047
FlushQueue.tasksExecuted,1714129385884000000,1714129445885000000,324
NonBlockingReadAction.finalizedExecutionTimeUs,1714129385884000000,1714129445885000000,11868
FlushQueue.waitingTimeAvgNs,1714129385884000000,1714129445885000000,199655.62962962964
FlushQueue.waitingTimeMaxNs,1714129385884000000,1714129445885000000,3489791
FlushQueue.executionTime90PNs,1714129385884000000,1714129445885000000,284671
FlushQueue.executionTimeAvgNs,1714129385884000000,1714129445885000000,152331.06172839506
FlushQueue.queueSize90P,1714129385884000000,1714129445885000000,0
AWTEventQueue.dispatchTimeAvgNs,1714129385884000000,1714129445885000000,124890.4730886006
NonBlockingReadAction.failedExecutionsCount,1714129385884000000,1714129445885000000,0
NonBlockingReadAction.finalizedExecutionsCount,1714129385884000000,1714129445885000000,24
NonBlockingReadAction.failedExecutionTimeUs,1714129385884000000,1714129445885000000,0
AWTEventQueue.eventsDispatched,1714129385884000000,1714129445885000000,3623
FilePageCache.pageFastCacheHits,1714129445885000000,1714129505883000000,312
StorageLockContext.competingThreads.max,1714129445885000000,1714129505883000000,0
FilePageCache.capacityInBytes,1714129445885000000,1714129505883000000,524288000
StorageLockContext.competingThreads.avg,1714129445885000000,1714129505883000000,0.0
FilePageCache.pageLoads,1714129445885000000,1714129505883000000,0
FilePageCache.uncachedFileAccess,1714129445885000000,1714129505883000000,0
DirectByteBufferAllocator.totalSizeOfBuffersCachedInBytes,1714129445885000000,1714129505883000000,0
FilePageCache.pageHits,1714129445885000000,1714129505883000000,0
DirectByteBufferAllocator.disposed,1714129445885000000,1714129505883000000,0
DirectByteBufferAllocator.reclaimed,1714129445885000000,1714129505883000000,0
FilePageCache.maxCacheSizeInBytes,1714129445885000000,1714129505883000000,502546432
FilePageCache.totalPageLoadsUs,1714129445885000000,1714129505883000000,0
FilePageCache.pageLoadsAboveSizeThreshold,1714129445885000000,1714129505883000000,0
FilePageCache.maxRegisteredFiles,1714129445885000000,1714129505883000000,718
FilePageCache.totalPageDisposalsUs,1714129445885000000,1714129505883000000,0
DirectByteBufferAllocator.misses,1714129445885000000,1714129505883000000,0
StorageLockContext.competingThreads.90P,1714129445885000000,1714129505883000000,0
DirectByteBufferAllocator.hits,1714129445885000000,1714129505883000000,0
FilePageCache.disposedBuffers,1714129445885000000,1714129505883000000,0
FileNameCache.queries,1714129445885000000,1714129505883000000,1751
FileNameCache.fastMisses,1714129445885000000,1714129505883000000,7
FileNameCache.totalMisses,1714129445885000000,1714129505883000000,0
FlushQueue.queueSizeMax,1714129445885000000,1714129505883000000,1
FlushQueue.executionTimeMaxNs,1714129445885000000,1714129505883000000,2441215
FlushQueue.waitingTime90PNs,1714129445885000000,1714129505883000000,301055
FlushQueue.queueSizeAvg,1714129445885000000,1714129505883000000,0.07716049382716049
AWTEventQueue.dispatchTimeMaxNs,1714129445885000000,1714129505883000000,14286847
AWTEventQueue.dispatchTime90PNs,1714129445885000000,1714129505883000000,354303
FlushQueue.tasksExecuted,1714129445885000000,1714129505883000000,324
NonBlockingReadAction.finalizedExecutionTimeUs,1714129445885000000,1714129505883000000,11581
FlushQueue.waitingTimeAvgNs,1714129445885000000,1714129505883000000,259155.0864197531
FlushQueue.waitingTimeMaxNs,1714129445885000000,1714129505883000000,5505023
FlushQueue.executionTime90PNs,1714129445885000000,1714129505883000000,391167
FlushQueue.executionTimeAvgNs,1714129445885000000,1714129505883000000,173448.3950617284
FlushQueue.queueSize90P,1714129445885000000,1714129505883000000,0
AWTEventQueue.dispatchTimeAvgNs,1714129445885000000,1714129505883000000,173963.80931386058
NonBlockingReadAction.failedExecutionsCount,1714129445885000000,1714129505883000000,0
NonBlockingReadAction.finalizedExecutionsCount,1714129445885000000,1714129505883000000,24
NonBlockingReadAction.failedExecutionTimeUs,1714129445885000000,1714129505883000000,0
AWTEventQueue.eventsDispatched,1714129445885000000,1714129505883000000,3629
FilePageCache.pageFastCacheHits,1714129505883000000,1714129565885000000,312
StorageLockContext.competingThreads.max,1714129505883000000,1714129565885000000,0
FilePageCache.capacityInBytes,1714129505883000000,1714129565885000000,524288000
StorageLockContext.competingThreads.avg,1714129505883000000,1714129565885000000,0.0
FilePageCache.pageLoads,1714129505883000000,1714129565885000000,0
FilePageCache.uncachedFileAccess,1714129505883000000,1714129565885000000,0
DirectByteBufferAllocator.totalSizeOfBuffersCachedInBytes,1714129505883000000,1714129565885000000,0
FilePageCache.pageHits,1714129505883000000,1714129565885000000,0
DirectByteBufferAllocator.disposed,1714129505883000000,1714129565885000000,0
DirectByteBufferAllocator.reclaimed,1714129505883000000,1714129565885000000,0
FilePageCache.maxCacheSizeInBytes,1714129505883000000,1714129565885000000,502546432
FilePageCache.totalPageLoadsUs,1714129505883000000,1714129565885000000,0
FilePageCache.pageLoadsAboveSizeThreshold,1714129505883000000,1714129565885000000,0
FilePageCache.maxRegisteredFiles,1714129505883000000,1714129565885000000,718
FilePageCache.totalPageDisposalsUs,1714129505883000000,1714129565885000000,0
DirectByteBufferAllocator.misses,1714129505883000000,1714129565885000000,0
StorageLockContext.competingThreads.90P,1714129505883000000,1714129565885000000,0
DirectByteBufferAllocator.hits,1714129505883000000,1714129565885000000,0
FilePageCache.disposedBuffers,1714129505883000000,1714129565885000000,0
FileNameCache.queries,1714129505883000000,1714129565885000000,5610
FileNameCache.fastMisses,1714129505883000000,1714129565885000000,26
FileNameCache.totalMisses,1714129505883000000,1714129565885000000,0
FlushQueue.queueSizeMax,1714129505883000000,1714129565885000000,1
FlushQueue.executionTimeMaxNs,1714129505883000000,1714129565885000000,22806527
FlushQueue.waitingTime90PNs,1714129505883000000,1714129565885000000,313343
FlushQueue.queueSizeAvg,1714129505883000000,1714129565885000000,0.06134969325153374
AWTEventQueue.dispatchTimeMaxNs,1714129505883000000,1714129565885000000,69206015
AWTEventQueue.dispatchTime90PNs,1714129505883000000,1714129565885000000,380927
FlushQueue.tasksExecuted,1714129505883000000,1714129565885000000,326
NonBlockingReadAction.finalizedExecutionTimeUs,1714129505883000000,1714129565885000000,68610
FlushQueue.waitingTimeAvgNs,1714129505883000000,1714129565885000000,283357.6564417178
FlushQueue.waitingTimeMaxNs,1714129505883000000,1714129565885000000,8585215
FlushQueue.executionTime90PNs,1714129505883000000,1714129565885000000,391167
FlushQueue.executionTimeAvgNs,1714129505883000000,1714129565885000000,280264.0
FlushQueue.queueSize90P,1714129505883000000,1714129565885000000,0
AWTEventQueue.dispatchTimeAvgNs,1714129505883000000,1714129565885000000,215416.24489795917
NonBlockingReadAction.failedExecutionsCount,1714129505883000000,1714129565885000000,0
NonBlockingReadAction.finalizedExecutionsCount,1714129505883000000,1714129565885000000,28
NonBlockingReadAction.failedExecutionTimeUs,1714129505883000000,1714129565885000000,0
AWTEventQueue.eventsDispatched,1714129505883000000,1714129565885000000,3626
FilePageCache.pageFastCacheHits,1714129565885000000,1714129625885000000,312
StorageLockContext.competingThreads.max,1714129565885000000,1714129625885000000,0
FilePageCache.capacityInBytes,1714129565885000000,1714129625885000000,524288000
StorageLockContext.competingThreads.avg,1714129565885000000,1714129625885000000,0.0
FilePageCache.pageLoads,1714129565885000000,1714129625885000000,0
FilePageCache.uncachedFileAccess,1714129565885000000,1714129625885000000,0
DirectByteBufferAllocator.totalSizeOfBuffersCachedInBytes,1714129565885000000,1714129625885000000,0
FilePageCache.pageHits,1714129565885000000,1714129625885000000,0
DirectByteBufferAllocator.disposed,1714129565885000000,1714129625885000000,0
DirectByteBufferAllocator.reclaimed,1714129565885000000,1714129625885000000,0
FilePageCache.maxCacheSizeInBytes,1714129565885000000,1714129625885000000,502546432
FilePageCache.totalPageLoadsUs,1714129565885000000,1714129625885000000,0
FilePageCache.pageLoadsAboveSizeThreshold,1714129565885000000,1714129625885000000,0
FilePageCache.maxRegisteredFiles,1714129565885000000,1714129625885000000,718
FilePageCache.totalPageDisposalsUs,1714129565885000000,1714129625885000000,0
DirectByteBufferAllocator.misses,1714129565885000000,1714129625885000000,0
StorageLockContext.competingThreads.90P,1714129565885000000,1714129625885000000,0
DirectByteBufferAllocator.hits,1714129565885000000,1714129625885000000,0
FilePageCache.disposedBuffers,1714129565885000000,1714129625885000000,0
FileNameCache.queries,1714129565885000000,1714129625885000000,1560
FileNameCache.fastMisses,1714129565885000000,1714129625885000000,0
FileNameCache.totalMisses,1714129565885000000,1714129625885000000,0
FlushQueue.queueSizeMax,1714129565885000000,1714129625885000000,1
FlushQueue.executionTimeMaxNs,1714129565885000000,1714129625885000000,933887
FlushQueue.waitingTime90PNs,1714129565885000000,1714129625885000000,280575
FlushQueue.queueSizeAvg,1714129565885000000,1714129625885000000,0.06191950464396285
AWTEventQueue.dispatchTimeMaxNs,1714129565885000000,1714129625885000000,10682367
AWTEventQueue.dispatchTime90PNs,1714129565885000000,1714129625885000000,266239
FlushQueue.tasksExecuted,1714129565885000000,1714129625885000000,323
NonBlockingReadAction.finalizedExecutionTimeUs,1714129565885000000,1714129625885000000,13465
FlushQueue.waitingTimeAvgNs,1714129565885000000,1714129625885000000,235550.65015479876
FlushQueue.waitingTimeMaxNs,1714129565885000000,1714129625885000000,6815743
FlushQueue.executionTime90PNs,1714129565885000000,1714129625885000000,258047
FlushQueue.executionTimeAvgNs,1714129565885000000,1714129625885000000,116243.31888544891
FlushQueue.queueSize90P,1714129565885000000,1714129625885000000,0
AWTEventQueue.dispatchTimeAvgNs,1714129565885000000,1714129625885000000,128767.83058305831
NonBlockingReadAction.failedExecutionsCount,1714129565885000000,1714129625885000000,0
NonBlockingReadAction.finalizedExecutionsCount,1714129565885000000,1714129625885000000,24
NonBlockingReadAction.failedExecutionTimeUs,1714129565885000000,1714129625885000000,0
AWTEventQueue.eventsDispatched,1714129565885000000,1714129625885000000,3636
FilePageCache.pageFastCacheHits,1714129625885000000,1714129685889000000,312
StorageLockContext.competingThreads.max,1714129625885000000,1714129685889000000,0
FilePageCache.capacityInBytes,1714129625885000000,1714129685889000000,524288000
StorageLockContext.competingThreads.avg,1714129625885000000,1714129685889000000,0.0
FilePageCache.pageLoads,1714129625885000000,1714129685889000000,0
FilePageCache.uncachedFileAccess,1714129625885000000,1714129685889000000,0
DirectByteBufferAllocator.totalSizeOfBuffersCachedInBytes,1714129625885000000,1714129685889000000,0
FilePageCache.pageHits,1714129625885000000,1714129685889000000,0
DirectByteBufferAllocator.disposed,1714129625885000000,1714129685889000000,0
DirectByteBufferAllocator.reclaimed,1714129625885000000,1714129685889000000,0
FilePageCache.maxCacheSizeInBytes,1714129625885000000,1714129685889000000,502546432
FilePageCache.totalPageLoadsUs,1714129625885000000,1714129685889000000,0
FilePageCache.pageLoadsAboveSizeThreshold,1714129625885000000,1714129685889000000,0
FilePageCache.maxRegisteredFiles,1714129625885000000,1714129685889000000,718
FilePageCache.totalPageDisposalsUs,1714129625885000000,1714129685889000000,0
DirectByteBufferAllocator.misses,1714129625885000000,1714129685889000000,0
StorageLockContext.competingThreads.90P,1714129625885000000,1714129685889000000,0
DirectByteBufferAllocator.hits,1714129625885000000,1714129685889000000,0
FilePageCache.disposedBuffers,1714129625885000000,1714129685889000000,0
FileNameCache.queries,1714129625885000000,1714129685889000000,1560
FileNameCache.fastMisses,1714129625885000000,1714129685889000000,0
FileNameCache.totalMisses,1714129625885000000,1714129685889000000,0
FlushQueue.queueSizeMax,1714129625885000000,1714129685889000000,1
FlushQueue.executionTimeMaxNs,1714129625885000000,1714129685889000000,10878975
FlushQueue.waitingTime90PNs,1714129625885000000,1714129685889000000,518143
FlushQueue.queueSizeAvg,1714129625885000000,1714129685889000000,0.07098765432098765
AWTEventQueue.dispatchTimeMaxNs,1714129625885000000,1714129685889000000,51118079
AWTEventQueue.dispatchTime90PNs,1714129625885000000,1714129685889000000,409599
FlushQueue.tasksExecuted,1714129625885000000,1714129685889000000,324
NonBlockingReadAction.finalizedExecutionTimeUs,1714129625885000000,1714129685889000000,13768
FlushQueue.waitingTimeAvgNs,1714129625885000000,1714129685889000000,328598.39506172837
FlushQueue.waitingTimeMaxNs,1714129625885000000,1714129685889000000,9568255
FlushQueue.executionTime90PNs,1714129625885000000,1714129685889000000,536575
FlushQueue.executionTimeAvgNs,1714129625885000000,1714129685889000000,296458.3703703704
FlushQueue.queueSize90P,1714129625885000000,1714129685889000000,0
AWTEventQueue.dispatchTimeAvgNs,1714129625885000000,1714129685889000000,217498.03524229076
NonBlockingReadAction.failedExecutionsCount,1714129625885000000,1714129685889000000,0
NonBlockingReadAction.finalizedExecutionsCount,1714129625885000000,1714129685889000000,24
NonBlockingReadAction.failedExecutionTimeUs,1714129625885000000,1714129685889000000,0
AWTEventQueue.eventsDispatched,1714129625885000000,1714129685889000000,3632
FilePageCache.pageFastCacheHits,1714129685889000000,1714129745887000000,312
StorageLockContext.competingThreads.max,1714129685889000000,1714129745887000000,0
FilePageCache.capacityInBytes,1714129685889000000,1714129745887000000,524288000
StorageLockContext.competingThreads.avg,1714129685889000000,1714129745887000000,0.0
FilePageCache.pageLoads,1714129685889000000,1714129745887000000,0
FilePageCache.uncachedFileAccess,1714129685889000000,1714129745887000000,0
DirectByteBufferAllocator.totalSizeOfBuffersCachedInBytes,1714129685889000000,1714129745887000000,0
FilePageCache.pageHits,1714129685889000000,1714129745887000000,0
DirectByteBufferAllocator.disposed,1714129685889000000,1714129745887000000,0
DirectByteBufferAllocator.reclaimed,1714129685889000000,1714129745887000000,0
FilePageCache.maxCacheSizeInBytes,1714129685889000000,1714129745887000000,502546432
FilePageCache.totalPageLoadsUs,1714129685889000000,1714129745887000000,0
FilePageCache.pageLoadsAboveSizeThreshold,1714129685889000000,1714129745887000000,0
FilePageCache.maxRegisteredFiles,1714129685889000000,1714129745887000000,718
FilePageCache.totalPageDisposalsUs,1714129685889000000,1714129745887000000,0
DirectByteBufferAllocator.misses,1714129685889000000,1714129745887000000,0
StorageLockContext.competingThreads.90P,1714129685889000000,1714129745887000000,0
DirectByteBufferAllocator.hits,1714129685889000000,1714129745887000000,0
FilePageCache.disposedBuffers,1714129685889000000,1714129745887000000,0
FileNameCache.queries,1714129685889000000,1714129745887000000,1560
FileNameCache.fastMisses,1714129685889000000,1714129745887000000,0
FileNameCache.totalMisses,1714129685889000000,1714129745887000000,0
FlushQueue.queueSizeMax,1714129685889000000,1714129745887000000,1
FlushQueue.executionTimeMaxNs,1714129685889000000,1714129745887000000,1966079
FlushQueue.waitingTime90PNs,1714129685889000000,1714129745887000000,352255
FlushQueue.queueSizeAvg,1714129685889000000,1714129745887000000,0.06172839506172839
AWTEventQueue.dispatchTimeMaxNs,1714129685889000000,1714129745887000000,19136511
AWTEventQueue.dispatchTime90PNs,1714129685889000000,1714129745887000000,417791
FlushQueue.tasksExecuted,1714129685889000000,1714129745887000000,324
NonBlockingReadAction.finalizedExecutionTimeUs,1714129685889000000,1714129745887000000,8458
FlushQueue.waitingTimeAvgNs,1714129685889000000,1714129745887000000,416781.43209876545
FlushQueue.waitingTimeMaxNs,1714129685889000000,1714129745887000000,15400959
FlushQueue.executionTime90PNs,1714129685889000000,1714129745887000000,372735
FlushQueue.executionTimeAvgNs,1714129685889000000,1714129745887000000,168485.62962962964
FlushQueue.queueSize90P,1714129685889000000,1714129745887000000,0
AWTEventQueue.dispatchTimeAvgNs,1714129685889000000,1714129745887000000,207026.61954721148
NonBlockingReadAction.failedExecutionsCount,1714129685889000000,1714129745887000000,0
NonBlockingReadAction.finalizedExecutionsCount,1714129685889000000,1714129745887000000,24
NonBlockingReadAction.failedExecutionTimeUs,1714129685889000000,1714129745887000000,0
AWTEventQueue.eventsDispatched,1714129685889000000,1714129745887000000,3622
FilePageCache.pageFastCacheHits,1714129745887000000,1714129805888000000,312
StorageLockContext.competingThreads.max,1714129745887000000,1714129805888000000,0
FilePageCache.capacityInBytes,1714129745887000000,1714129805888000000,524288000
StorageLockContext.competingThreads.avg,1714129745887000000,1714129805888000000,0.0
FilePageCache.pageLoads,1714129745887000000,1714129805888000000,0
FilePageCache.uncachedFileAccess,1714129745887000000,1714129805888000000,0
DirectByteBufferAllocator.totalSizeOfBuffersCachedInBytes,1714129745887000000,1714129805888000000,0
FilePageCache.pageHits,1714129745887000000,1714129805888000000,0
DirectByteBufferAllocator.disposed,1714129745887000000,1714129805888000000,0
DirectByteBufferAllocator.reclaimed,1714129745887000000,1714129805888000000,0
FilePageCache.maxCacheSizeInBytes,1714129745887000000,1714129805888000000,502546432
FilePageCache.totalPageLoadsUs,1714129745887000000,1714129805888000000,0
FilePageCache.pageLoadsAboveSizeThreshold,1714129745887000000,1714129805888000000,0
FilePageCache.maxRegisteredFiles,1714129745887000000,1714129805888000000,718
FilePageCache.totalPageDisposalsUs,1714129745887000000,1714129805888000000,0
DirectByteBufferAllocator.misses,1714129745887000000,1714129805888000000,0
StorageLockContext.competingThreads.90P,1714129745887000000,1714129805888000000,0
DirectByteBufferAllocator.hits,1714129745887000000,1714129805888000000,0
FilePageCache.disposedBuffers,1714129745887000000,1714129805888000000,0
FileNameCache.queries,1714129745887000000,1714129805888000000,1560
FileNameCache.fastMisses,1714129745887000000,1714129805888000000,0
FileNameCache.totalMisses,1714129745887000000,1714129805888000000,0
FlushQueue.queueSizeMax,1714129745887000000,1714129805888000000,1
FlushQueue.executionTimeMaxNs,1714129745887000000,1714129805888000000,1613823
FlushQueue.waitingTime90PNs,1714129745887000000,1714129805888000000,419839
FlushQueue.queueSizeAvg,1714129745887000000,1714129805888000000,0.08333333333333333
AWTEventQueue.dispatchTimeMaxNs,1714129745887000000,1714129805888000000,10616831
AWTEventQueue.dispatchTime90PNs,1714129745887000000,1714129805888000000,393215
FlushQueue.tasksExecuted,1714129745887000000,1714129805888000000,324
NonBlockingReadAction.finalizedExecutionTimeUs,1714129745887000000,1714129805888000000,6108
FlushQueue.waitingTimeAvgNs,1714129745887000000,1714129805888000000,300441.72839506174
FlushQueue.waitingTimeMaxNs,1714129745887000000,1714129805888000000,6455295
FlushQueue.executionTime90PNs,1714129745887000000,1714129805888000000,268287
FlushQueue.executionTimeAvgNs,1714129745887000000,1714129805888000000,133408.7901234568
FlushQueue.queueSize90P,1714129745887000000,1714129805888000000,0
AWTEventQueue.dispatchTimeAvgNs,1714129745887000000,1714129805888000000,174228.20866685067
NonBlockingReadAction.failedExecutionsCount,1714129745887000000,1714129805888000000,0
NonBlockingReadAction.finalizedExecutionsCount,1714129745887000000,1714129805888000000,24
NonBlockingReadAction.failedExecutionTimeUs,1714129745887000000,1714129805888000000,0
AWTEventQueue.eventsDispatched,1714129745887000000,1714129805888000000,3623
FilePageCache.pageFastCacheHits,1714129805888000000,1714129865887000000,312
StorageLockContext.competingThreads.max,1714129805888000000,1714129865887000000,0
FilePageCache.capacityInBytes,1714129805888000000,1714129865887000000,524288000
StorageLockContext.competingThreads.avg,1714129805888000000,1714129865887000000,0.0
FilePageCache.pageLoads,1714129805888000000,1714129865887000000,0
FilePageCache.uncachedFileAccess,1714129805888000000,1714129865887000000,0
DirectByteBufferAllocator.totalSizeOfBuffersCachedInBytes,1714129805888000000,1714129865887000000,0
FilePageCache.pageHits,1714129805888000000,1714129865887000000,0
DirectByteBufferAllocator.disposed,1714129805888000000,1714129865887000000,0
DirectByteBufferAllocator.reclaimed,1714129805888000000,1714129865887000000,0
FilePageCache.maxCacheSizeInBytes,1714129805888000000,1714129865887000000,502546432
FilePageCache.totalPageLoadsUs,1714129805888000000,1714129865887000000,0
FilePageCache.pageLoadsAboveSizeThreshold,1714129805888000000,1714129865887000000,0
FilePageCache.maxRegisteredFiles,1714129805888000000,1714129865887000000,718
FilePageCache.totalPageDisposalsUs,1714129805888000000,1714129865887000000,0
DirectByteBufferAllocator.misses,1714129805888000000,1714129865887000000,0
StorageLockContext.competingThreads.90P,1714129805888000000,1714129865887000000,0
DirectByteBufferAllocator.hits,1714129805888000000,1714129865887000000,0
FilePageCache.disposedBuffers,1714129805888000000,1714129865887000000,0
FileNameCache.queries,1714129805888000000,1714129865887000000,4606
FileNameCache.fastMisses,1714129805888000000,1714129865887000000,21
FileNameCache.totalMisses,1714129805888000000,1714129865887000000,0
FlushQueue.queueSizeMax,1714129805888000000,1714129865887000000,1
FlushQueue.executionTimeMaxNs,1714129805888000000,1714129865887000000,978943
FlushQueue.waitingTime90PNs,1714129805888000000,1714129865887000000,598015
FlushQueue.queueSizeAvg,1714129805888000000,1714129865887000000,0.09259259259259259
AWTEventQueue.dispatchTimeMaxNs,1714129805888000000,1714129865887000000,17825791
AWTEventQueue.dispatchTime90PNs,1714129805888000000,1714129865887000000,419839
FlushQueue.tasksExecuted,1714129805888000000,1714129865887000000,324
NonBlockingReadAction.finalizedExecutionTimeUs,1714129805888000000,1714129865887000000,54613
FlushQueue.waitingTimeAvgNs,1714129805888000000,1714129865887000000,311564.1913580247
FlushQueue.waitingTimeMaxNs,1714129805888000000,1714129865887000000,13172735
FlushQueue.executionTime90PNs,1714129805888000000,1714129865887000000,208895
FlushQueue.executionTimeAvgNs,1714129805888000000,1714129865887000000,120974.61728395062
FlushQueue.queueSize90P,1714129805888000000,1714129865887000000,0
AWTEventQueue.dispatchTimeAvgNs,1714129805888000000,1714129865887000000,181800.39536167862
NonBlockingReadAction.failedExecutionsCount,1714129805888000000,1714129865887000000,0
NonBlockingReadAction.finalizedExecutionsCount,1714129805888000000,1714129865887000000,28
NonBlockingReadAction.failedExecutionTimeUs,1714129805888000000,1714129865887000000,0
AWTEventQueue.eventsDispatched,1714129805888000000,1714129865887000000,3622
FilePageCache.pageFastCacheHits,1714129865887000000,1714129925883000000,312
StorageLockContext.competingThreads.max,1714129865887000000,1714129925883000000,0
FilePageCache.capacityInBytes,1714129865887000000,1714129925883000000,524288000
StorageLockContext.competingThreads.avg,1714129865887000000,1714129925883000000,0.0
FilePageCache.pageLoads,1714129865887000000,1714129925883000000,0
FilePageCache.uncachedFileAccess,1714129865887000000,1714129925883000000,0
DirectByteBufferAllocator.totalSizeOfBuffersCachedInBytes,1714129865887000000,1714129925883000000,0
FilePageCache.pageHits,1714129865887000000,1714129925883000000,0
DirectByteBufferAllocator.disposed,1714129865887000000,1714129925883000000,0
DirectByteBufferAllocator.reclaimed,1714129865887000000,1714129925883000000,0
FilePageCache.maxCacheSizeInBytes,1714129865887000000,1714129925883000000,502546432
FilePageCache.totalPageLoadsUs,1714129865887000000,1714129925883000000,0
FilePageCache.pageLoadsAboveSizeThreshold,1714129865887000000,1714129925883000000,0
FilePageCache.maxRegisteredFiles,1714129865887000000,1714129925883000000,718
FilePageCache.totalPageDisposalsUs,1714129865887000000,1714129925883000000,0
DirectByteBufferAllocator.misses,1714129865887000000,1714129925883000000,0
StorageLockContext.competingThreads.90P,1714129865887000000,1714129925883000000,0
DirectByteBufferAllocator.hits,1714129865887000000,1714129925883000000,0
FilePageCache.disposedBuffers,1714129865887000000,1714129925883000000,0
FileNameCache.queries,1714129865887000000,1714129925883000000,1560
FileNameCache.fastMisses,1714129865887000000,1714129925883000000,0
FileNameCache.totalMisses,1714129865887000000,1714129925883000000,0
FlushQueue.queueSizeMax,1714129865887000000,1714129925883000000,1
FlushQueue.executionTimeMaxNs,1714129865887000000,1714129925883000000,3096575
FlushQueue.waitingTime90PNs,1714129865887000000,1714129925883000000,436223
FlushQueue.queueSizeAvg,1714129865887000000,1714129925883000000,0.08333333333333333
AWTEventQueue.dispatchTimeMaxNs,1714129865887000000,1714129925883000000,9699327
AWTEventQueue.dispatchTime90PNs,1714129865887000000,1714129925883000000,415743
FlushQueue.tasksExecuted,1714129865887000000,1714129925883000000,324
NonBlockingReadAction.finalizedExecutionTimeUs,1714129865887000000,1714129925883000000,9631
FlushQueue.waitingTimeAvgNs,1714129865887000000,1714129925883000000,354761.0864197531
FlushQueue.waitingTimeMaxNs,1714129865887000000,1714129925883000000,6160383
FlushQueue.executionTime90PNs,1714129865887000000,1714129925883000000,342015
FlushQueue.executionTimeAvgNs,1714129865887000000,1714129925883000000,179588.74074074073
FlushQueue.queueSize90P,1714129865887000000,1714129925883000000,0
AWTEventQueue.dispatchTimeAvgNs,1714129865887000000,1714129925883000000,199531.3445703233
NonBlockingReadAction.failedExecutionsCount,1714129865887000000,1714129925883000000,0
NonBlockingReadAction.finalizedExecutionsCount,1714129865887000000,1714129925883000000,24
NonBlockingReadAction.failedExecutionTimeUs,1714129865887000000,1714129925883000000,0
AWTEventQueue.eventsDispatched,1714129865887000000,1714129925883000000,3619
FilePageCache.pageFastCacheHits,1714129925883000000,1714129985888000000,312
StorageLockContext.competingThreads.max,1714129925883000000,1714129985888000000,0
FilePageCache.capacityInBytes,1714129925883000000,1714129985888000000,524288000
StorageLockContext.competingThreads.avg,1714129925883000000,1714129985888000000,0.0
FilePageCache.pageLoads,1714129925883000000,1714129985888000000,0
FilePageCache.uncachedFileAccess,1714129925883000000,1714129985888000000,0
DirectByteBufferAllocator.totalSizeOfBuffersCachedInBytes,1714129925883000000,1714129985888000000,0
FilePageCache.pageHits,1714129925883000000,1714129985888000000,0
DirectByteBufferAllocator.disposed,1714129925883000000,1714129985888000000,0
DirectByteBufferAllocator.reclaimed,1714129925883000000,1714129985888000000,0
FilePageCache.maxCacheSizeInBytes,1714129925883000000,1714129985888000000,502546432
FilePageCache.totalPageLoadsUs,1714129925883000000,1714129985888000000,0
FilePageCache.pageLoadsAboveSizeThreshold,1714129925883000000,1714129985888000000,0
FilePageCache.maxRegisteredFiles,1714129925883000000,1714129985888000000,718
FilePageCache.totalPageDisposalsUs,1714129925883000000,1714129985888000000,0
DirectByteBufferAllocator.misses,1714129925883000000,1714129985888000000,0
StorageLockContext.competingThreads.90P,1714129925883000000,1714129985888000000,0
DirectByteBufferAllocator.hits,1714129925883000000,1714129985888000000,0
FilePageCache.disposedBuffers,1714129925883000000,1714129985888000000,0
FileNameCache.queries,1714129925883000000,1714129985888000000,1560
FileNameCache.fastMisses,1714129925883000000,1714129985888000000,0
FileNameCache.totalMisses,1714129925883000000,1714129985888000000,0
FlushQueue.queueSizeMax,1714129925883000000,1714129985888000000,1
FlushQueue.executionTimeMaxNs,1714129925883000000,1714129985888000000,2916351
FlushQueue.waitingTime90PNs,1714129925883000000,1714129985888000000,481279
FlushQueue.queueSizeAvg,1714129925883000000,1714129985888000000,0.07430340557275542
AWTEventQueue.dispatchTimeMaxNs,1714129925883000000,1714129985888000000,22413311
AWTEventQueue.dispatchTime90PNs,1714129925883000000,1714129985888000000,438271
FlushQueue.tasksExecuted,1714129925883000000,1714129985888000000,323
NonBlockingReadAction.finalizedExecutionTimeUs,1714129925883000000,1714129985888000000,11169
FlushQueue.waitingTimeAvgNs,1714129925883000000,1714129985888000000,314857.5108359133
FlushQueue.waitingTimeMaxNs,1714129925883000000,1714129985888000000,4145151
FlushQueue.executionTime90PNs,1714129925883000000,1714129985888000000,444415
FlushQueue.executionTimeAvgNs,1714129925883000000,1714129985888000000,220801.08978328173
FlushQueue.queueSize90P,1714129925883000000,1714129985888000000,0
AWTEventQueue.dispatchTimeAvgNs,1714129925883000000,1714129985888000000,240953.74930977362
NonBlockingReadAction.failedExecutionsCount,1714129925883000000,1714129985888000000,0
NonBlockingReadAction.finalizedExecutionsCount,1714129925883000000,1714129985888000000,24
NonBlockingReadAction.failedExecutionTimeUs,1714129925883000000,1714129985888000000,0
AWTEventQueue.eventsDispatched,1714129925883000000,1714129985888000000,3622
FilePageCache.pageFastCacheHits,1714129985888000000,1714130045885000000,312
StorageLockContext.competingThreads.max,1714129985888000000,1714130045885000000,0
FilePageCache.capacityInBytes,1714129985888000000,1714130045885000000,524288000
StorageLockContext.competingThreads.avg,1714129985888000000,1714130045885000000,0.0
FilePageCache.pageLoads,1714129985888000000,1714130045885000000,0
FilePageCache.uncachedFileAccess,1714129985888000000,1714130045885000000,0
DirectByteBufferAllocator.totalSizeOfBuffersCachedInBytes,1714129985888000000,1714130045885000000,0
FilePageCache.pageHits,1714129985888000000,1714130045885000000,0
DirectByteBufferAllocator.disposed,1714129985888000000,1714130045885000000,0
DirectByteBufferAllocator.reclaimed,1714129985888000000,1714130045885000000,0
FilePageCache.maxCacheSizeInBytes,1714129985888000000,1714130045885000000,502546432
FilePageCache.totalPageLoadsUs,1714129985888000000,1714130045885000000,0
FilePageCache.pageLoadsAboveSizeThreshold,1714129985888000000,1714130045885000000,0
FilePageCache.maxRegisteredFiles,1714129985888000000,1714130045885000000,718
FilePageCache.totalPageDisposalsUs,1714129985888000000,1714130045885000000,0
DirectByteBufferAllocator.misses,1714129985888000000,1714130045885000000,0
StorageLockContext.competingThreads.90P,1714129985888000000,1714130045885000000,0
DirectByteBufferAllocator.hits,1714129985888000000,1714130045885000000,0
FilePageCache.disposedBuffers,1714129985888000000,1714130045885000000,0
FileNameCache.queries,1714129985888000000,1714130045885000000,1560
FileNameCache.fastMisses,1714129985888000000,1714130045885000000,0
FileNameCache.totalMisses,1714129985888000000,1714130045885000000,0
FlushQueue.queueSizeMax,1714129985888000000,1714130045885000000,1
FlushQueue.executionTimeMaxNs,1714129985888000000,1714130045885000000,9043967
FlushQueue.waitingTime90PNs,1714129985888000000,1714130045885000000,401407
FlushQueue.queueSizeAvg,1714129985888000000,1714130045885000000,0.07098765432098765
AWTEventQueue.dispatchTimeMaxNs,1714129985888000000,1714130045885000000,30670847
AWTEventQueue.dispatchTime90PNs,1714129985888000000,1714130045885000000,430079
FlushQueue.tasksExecuted,1714129985888000000,1714130045885000000,324
NonBlockingReadAction.finalizedExecutionTimeUs,1714129985888000000,1714130045885000000,12389
FlushQueue.waitingTimeAvgNs,1714129985888000000,1714130045885000000,391704.64197530865
FlushQueue.waitingTimeMaxNs,1714129985888000000,1714130045885000000,21889023
FlushQueue.executionTime90PNs,1714129985888000000,1714130045885000000,366591
FlushQueue.executionTimeAvgNs,1714129985888000000,1714130045885000000,196336.0
FlushQueue.queueSize90P,1714129985888000000,1714130045885000000,0
AWTEventQueue.dispatchTimeAvgNs,1714129985888000000,1714130045885000000,246201.4505373381
NonBlockingReadAction.failedExecutionsCount,1714129985888000000,1714130045885000000,0
NonBlockingReadAction.finalizedExecutionsCount,1714129985888000000,1714130045885000000,24
NonBlockingReadAction.failedExecutionTimeUs,1714129985888000000,1714130045885000000,0
AWTEventQueue.eventsDispatched,1714129985888000000,1714130045885000000,3629
FilePageCache.pageFastCacheHits,1714130045885000000,1714130105887000000,312
StorageLockContext.competingThreads.max,1714130045885000000,1714130105887000000,0
FilePageCache.capacityInBytes,1714130045885000000,1714130105887000000,524288000
StorageLockContext.competingThreads.avg,1714130045885000000,1714130105887000000,0.0
FilePageCache.pageLoads,1714130045885000000,1714130105887000000,0
FilePageCache.uncachedFileAccess,1714130045885000000,1714130105887000000,0
DirectByteBufferAllocator.totalSizeOfBuffersCachedInBytes,1714130045885000000,1714130105887000000,0
FilePageCache.pageHits,1714130045885000000,1714130105887000000,0
DirectByteBufferAllocator.disposed,1714130045885000000,1714130105887000000,0
DirectByteBufferAllocator.reclaimed,1714130045885000000,1714130105887000000,0
FilePageCache.maxCacheSizeInBytes,1714130045885000000,1714130105887000000,502546432
FilePageCache.totalPageLoadsUs,1714130045885000000,1714130105887000000,0
FilePageCache.pageLoadsAboveSizeThreshold,1714130045885000000,1714130105887000000,0
FilePageCache.maxRegisteredFiles,1714130045885000000,1714130105887000000,718
FilePageCache.totalPageDisposalsUs,1714130045885000000,1714130105887000000,0
DirectByteBufferAllocator.misses,1714130045885000000,1714130105887000000,0
StorageLockContext.competingThreads.90P,1714130045885000000,1714130105887000000,0
DirectByteBufferAllocator.hits,1714130045885000000,1714130105887000000,0
FilePageCache.disposedBuffers,1714130045885000000,1714130105887000000,0
FileNameCache.queries,1714130045885000000,1714130105887000000,1560
FileNameCache.fastMisses,1714130045885000000,1714130105887000000,0
FileNameCache.totalMisses,1714130045885000000,1714130105887000000,0
FlushQueue.queueSizeMax,1714130045885000000,1714130105887000000,1
FlushQueue.executionTimeMaxNs,1714130045885000000,1714130105887000000,8060927
FlushQueue.waitingTime90PNs,1714130045885000000,1714130105887000000,309247
FlushQueue.queueSizeAvg,1714130045885000000,1714130105887000000,0.08333333333333333
AWTEventQueue.dispatchTimeMaxNs,1714130045885000000,1714130105887000000,11206655
AWTEventQueue.dispatchTime90PNs,1714130045885000000,1714130105887000000,321535
FlushQueue.tasksExecuted,1714130045885000000,1714130105887000000,324
NonBlockingReadAction.finalizedExecutionTimeUs,1714130045885000000,1714130105887000000,6878
FlushQueue.waitingTimeAvgNs,1714130045885000000,1714130105887000000,246197.3086419753
FlushQueue.waitingTimeMaxNs,1714130045885000000,1714130105887000000,8224767
FlushQueue.executionTime90PNs,1714130045885000000,1714130105887000000,333823
FlushQueue.executionTimeAvgNs,1714130045885000000,1714130105887000000,202943.7037037037
FlushQueue.queueSize90P,1714130045885000000,1714130105887000000,0
AWTEventQueue.dispatchTimeAvgNs,1714130045885000000,1714130105887000000,158803.1505791506
NonBlockingReadAction.failedExecutionsCount,1714130045885000000,1714130105887000000,0
NonBlockingReadAction.finalizedExecutionsCount,1714130045885000000,1714130105887000000,24
NonBlockingReadAction.failedExecutionTimeUs,1714130045885000000,1714130105887000000,0
AWTEventQueue.eventsDispatched,1714130045885000000,1714130105887000000,3626
FilePageCache.pageFastCacheHits,1714130105887000000,1714130165888000000,312
StorageLockContext.competingThreads.max,1714130105887000000,1714130165888000000,0
FilePageCache.capacityInBytes,1714130105887000000,1714130165888000000,524288000
StorageLockContext.competingThreads.avg,1714130105887000000,1714130165888000000,0.0
FilePageCache.pageLoads,1714130105887000000,1714130165888000000,0
FilePageCache.uncachedFileAccess,1714130105887000000,1714130165888000000,0
DirectByteBufferAllocator.totalSizeOfBuffersCachedInBytes,1714130105887000000,1714130165888000000,0
FilePageCache.pageHits,1714130105887000000,1714130165888000000,0
DirectByteBufferAllocator.disposed,1714130105887000000,1714130165888000000,0
DirectByteBufferAllocator.reclaimed,1714130105887000000,1714130165888000000,0
FilePageCache.maxCacheSizeInBytes,1714130105887000000,1714130165888000000,502546432
FilePageCache.totalPageLoadsUs,1714130105887000000,1714130165888000000,0
FilePageCache.pageLoadsAboveSizeThreshold,1714130105887000000,1714130165888000000,0
FilePageCache.maxRegisteredFiles,1714130105887000000,1714130165888000000,718
FilePageCache.totalPageDisposalsUs,1714130105887000000,1714130165888000000,0
DirectByteBufferAllocator.misses,1714130105887000000,1714130165888000000,0
StorageLockContext.competingThreads.90P,1714130105887000000,1714130165888000000,0
DirectByteBufferAllocator.hits,1714130105887000000,1714130165888000000,0
FilePageCache.disposedBuffers,1714130105887000000,1714130165888000000,0
FileNameCache.queries,1714130105887000000,1714130165888000000,70298
FileNameCache.fastMisses,1714130105887000000,1714130165888000000,5991
FileNameCache.totalMisses,1714130105887000000,1714130165888000000,0
FlushQueue.queueSizeMax,1714130105887000000,1714130165888000000,1
FlushQueue.executionTimeMaxNs,1714130105887000000,1714130165888000000,83361791
FlushQueue.waitingTime90PNs,1714130105887000000,1714130165888000000,405503
FlushQueue.queueSizeAvg,1714130105887000000,1714130165888000000,0.07384615384615385
AWTEventQueue.dispatchTimeMaxNs,1714130105887000000,1714130165888000000,84410367
AWTEventQueue.dispatchTime90PNs,1714130105887000000,1714130165888000000,280575
FlushQueue.tasksExecuted,1714130105887000000,1714130165888000000,325
NonBlockingReadAction.finalizedExecutionTimeUs,1714130105887000000,1714130165888000000,42181
FlushQueue.waitingTimeAvgNs,1714130105887000000,1714130165888000000,632962.7076923077
FlushQueue.waitingTimeMaxNs,1714130105887000000,1714130165888000000,97517567
FlushQueue.executionTime90PNs,1714130105887000000,1714130165888000000,403455
FlushQueue.executionTimeAvgNs,1714130105887000000,1714130165888000000,521612.11076923076
FlushQueue.queueSize90P,1714130105887000000,1714130165888000000,0
AWTEventQueue.dispatchTimeAvgNs,1714130105887000000,1714130165888000000,199547.25138427463
NonBlockingReadAction.failedExecutionsCount,1714130105887000000,1714130165888000000,0
NonBlockingReadAction.finalizedExecutionsCount,1714130105887000000,1714130165888000000,28
NonBlockingReadAction.failedExecutionTimeUs,1714130105887000000,1714130165888000000,0
AWTEventQueue.eventsDispatched,1714130105887000000,1714130165888000000,3612
FilePageCache.pageFastCacheHits,1714130165888000000,1714130225887000000,312
StorageLockContext.competingThreads.max,1714130165888000000,1714130225887000000,0
FilePageCache.capacityInBytes,1714130165888000000,1714130225887000000,524288000
StorageLockContext.competingThreads.avg,1714130165888000000,1714130225887000000,0.0
FilePageCache.pageLoads,1714130165888000000,1714130225887000000,0
FilePageCache.uncachedFileAccess,1714130165888000000,1714130225887000000,0
DirectByteBufferAllocator.totalSizeOfBuffersCachedInBytes,1714130165888000000,1714130225887000000,0
FilePageCache.pageHits,1714130165888000000,1714130225887000000,0
DirectByteBufferAllocator.disposed,1714130165888000000,1714130225887000000,0
DirectByteBufferAllocator.reclaimed,1714130165888000000,1714130225887000000,0
FilePageCache.maxCacheSizeInBytes,1714130165888000000,1714130225887000000,502546432
FilePageCache.totalPageLoadsUs,1714130165888000000,1714130225887000000,0
FilePageCache.pageLoadsAboveSizeThreshold,1714130165888000000,1714130225887000000,0
FilePageCache.maxRegisteredFiles,1714130165888000000,1714130225887000000,718
FilePageCache.totalPageDisposalsUs,1714130165888000000,1714130225887000000,0
DirectByteBufferAllocator.misses,1714130165888000000,1714130225887000000,0
StorageLockContext.competingThreads.90P,1714130165888000000,1714130225887000000,0
DirectByteBufferAllocator.hits,1714130165888000000,1714130225887000000,0
FilePageCache.disposedBuffers,1714130165888000000,1714130225887000000,0
FileNameCache.queries,1714130165888000000,1714130225887000000,248249
FileNameCache.fastMisses,1714130165888000000,1714130225887000000,4062
FileNameCache.totalMisses,1714130165888000000,1714130225887000000,0
FlushQueue.queueSizeMax,1714130165888000000,1714130225887000000,1
FlushQueue.executionTimeMaxNs,1714130165888000000,1714130225887000000,2457599
FlushQueue.waitingTime90PNs,1714130165888000000,1714130225887000000,270335
FlushQueue.queueSizeAvg,1714130165888000000,1714130225887000000,0.05864197530864197
AWTEventQueue.dispatchTimeMaxNs,1714130165888000000,1714130225887000000,14483455
AWTEventQueue.dispatchTime90PNs,1714130165888000000,1714130225887000000,301055
FlushQueue.tasksExecuted,1714130165888000000,1714130225887000000,324
NonBlockingReadAction.finalizedExecutionTimeUs,1714130165888000000,1714130225887000000,9862
FlushQueue.waitingTimeAvgNs,1714130165888000000,1714130225887000000,218215.0
FlushQueue.waitingTimeMaxNs,1714130165888000000,1714130225887000000,4145151
FlushQueue.executionTime90PNs,1714130165888000000,1714130225887000000,311295
FlushQueue.executionTimeAvgNs,1714130165888000000,1714130225887000000,147587.16049382716
FlushQueue.queueSize90P,1714130165888000000,1714130225887000000,0
AWTEventQueue.dispatchTimeAvgNs,1714130165888000000,1714130225887000000,145426.49628201599
NonBlockingReadAction.failedExecutionsCount,1714130165888000000,1714130225887000000,0
NonBlockingReadAction.finalizedExecutionsCount,1714130165888000000,1714130225887000000,24
NonBlockingReadAction.failedExecutionTimeUs,1714130165888000000,1714130225887000000,0
AWTEventQueue.eventsDispatched,1714130165888000000,1714130225887000000,3631
FilePageCache.pageFastCacheHits,1714130225887000000,1714130285883000000,312
StorageLockContext.competingThreads.max,1714130225887000000,1714130285883000000,0
FilePageCache.capacityInBytes,1714130225887000000,1714130285883000000,524288000
StorageLockContext.competingThreads.avg,1714130225887000000,1714130285883000000,0.0
FilePageCache.pageLoads,1714130225887000000,1714130285883000000,0
FilePageCache.uncachedFileAccess,1714130225887000000,1714130285883000000,0
DirectByteBufferAllocator.totalSizeOfBuffersCachedInBytes,1714130225887000000,1714130285883000000,0
FilePageCache.pageHits,1714130225887000000,1714130285883000000,0
DirectByteBufferAllocator.disposed,1714130225887000000,1714130285883000000,0
DirectByteBufferAllocator.reclaimed,1714130225887000000,1714130285883000000,0
FilePageCache.maxCacheSizeInBytes,1714130225887000000,1714130285883000000,502546432
FilePageCache.totalPageLoadsUs,1714130225887000000,1714130285883000000,0
FilePageCache.pageLoadsAboveSizeThreshold,1714130225887000000,1714130285883000000,0
FilePageCache.maxRegisteredFiles,1714130225887000000,1714130285883000000,718
FilePageCache.totalPageDisposalsUs,1714130225887000000,1714130285883000000,0
DirectByteBufferAllocator.misses,1714130225887000000,1714130285883000000,0
StorageLockContext.competingThreads.90P,1714130225887000000,1714130285883000000,0
DirectByteBufferAllocator.hits,1714130225887000000,1714130285883000000,0
FilePageCache.disposedBuffers,1714130225887000000,1714130285883000000,0
FileNameCache.queries,1714130225887000000,1714130285883000000,1560
FileNameCache.fastMisses,1714130225887000000,1714130285883000000,0
FileNameCache.totalMisses,1714130225887000000,1714130285883000000,0
FlushQueue.queueSizeMax,1714130225887000000,1714130285883000000,1
FlushQueue.executionTimeMaxNs,1714130225887000000,1714130285883000000,7372799
FlushQueue.waitingTime90PNs,1714130225887000000,1714130285883000000,372735
FlushQueue.queueSizeAvg,1714130225887000000,1714130285883000000,0.07716049382716049
AWTEventQueue.dispatchTimeMaxNs,1714130225887000000,1714130285883000000,20578303
AWTEventQueue.dispatchTime90PNs,1714130225887000000,1714130285883000000,362495
FlushQueue.tasksExecuted,1714130225887000000,1714130285883000000,324
NonBlockingReadAction.finalizedExecutionTimeUs,1714130225887000000,1714130285883000000,14164
FlushQueue.waitingTimeAvgNs,1714130225887000000,1714130285883000000,451878.5061728395
FlushQueue.waitingTimeMaxNs,1714130225887000000,1714130285883000000,16515071
FlushQueue.executionTime90PNs,1714130225887000000,1714130285883000000,415743
FlushQueue.executionTimeAvgNs,1714130225887000000,1714130285883000000,231395.35802469135
FlushQueue.queueSize90P,1714130225887000000,1714130285883000000,0
AWTEventQueue.dispatchTimeAvgNs,1714130225887000000,1714130285883000000,217118.9734027968
NonBlockingReadAction.failedExecutionsCount,1714130225887000000,1714130285883000000,0
NonBlockingReadAction.finalizedExecutionsCount,1714130225887000000,1714130285883000000,24
NonBlockingReadAction.failedExecutionTimeUs,1714130225887000000,1714130285883000000,0
AWTEventQueue.eventsDispatched,1714130225887000000,1714130285883000000,3647
FilePageCache.pageFastCacheHits,1714130285883000000,1714130345886000000,312
StorageLockContext.competingThreads.max,1714130285883000000,1714130345886000000,0
FilePageCache.capacityInBytes,1714130285883000000,1714130345886000000,524288000
StorageLockContext.competingThreads.avg,1714130285883000000,1714130345886000000,0.0
FilePageCache.pageLoads,1714130285883000000,1714130345886000000,0
FilePageCache.uncachedFileAccess,1714130285883000000,1714130345886000000,0
DirectByteBufferAllocator.totalSizeOfBuffersCachedInBytes,1714130285883000000,1714130345886000000,0
FilePageCache.pageHits,1714130285883000000,1714130345886000000,0
DirectByteBufferAllocator.disposed,1714130285883000000,1714130345886000000,0
DirectByteBufferAllocator.reclaimed,1714130285883000000,1714130345886000000,0
FilePageCache.maxCacheSizeInBytes,1714130285883000000,1714130345886000000,502546432
FilePageCache.totalPageLoadsUs,1714130285883000000,1714130345886000000,0
FilePageCache.pageLoadsAboveSizeThreshold,1714130285883000000,1714130345886000000,0
FilePageCache.maxRegisteredFiles,1714130285883000000,1714130345886000000,718
FilePageCache.totalPageDisposalsUs,1714130285883000000,1714130345886000000,0
DirectByteBufferAllocator.misses,1714130285883000000,1714130345886000000,0
StorageLockContext.competingThreads.90P,1714130285883000000,1714130345886000000,0
DirectByteBufferAllocator.hits,1714130285883000000,1714130345886000000,0
FilePageCache.disposedBuffers,1714130285883000000,1714130345886000000,0
FileNameCache.queries,1714130285883000000,1714130345886000000,1560
FileNameCache.fastMisses,1714130285883000000,1714130345886000000,0
FileNameCache.totalMisses,1714130285883000000,1714130345886000000,0
FlushQueue.queueSizeMax,1714130285883000000,1714130345886000000,1
FlushQueue.executionTimeMaxNs,1714130285883000000,1714130345886000000,6881279
FlushQueue.waitingTime90PNs,1714130285883000000,1714130345886000000,323583
FlushQueue.queueSizeAvg,1714130285883000000,1714130345886000000,0.0804953560371517
AWTEventQueue.dispatchTimeMaxNs,1714130285883000000,1714130345886000000,11927551
AWTEventQueue.dispatchTime90PNs,1714130285883000000,1714130345886000000,389119
FlushQueue.tasksExecuted,1714130285883000000,1714130345886000000,323
NonBlockingReadAction.finalizedExecutionTimeUs,1714130285883000000,1714130345886000000,38496
FlushQueue.waitingTimeAvgNs,1714130285883000000,1714130345886000000,331569.9318885449
FlushQueue.waitingTimeMaxNs,1714130285883000000,1714130345886000000,4390911
FlushQueue.executionTime90PNs,1714130285883000000,1714130345886000000,458751
FlushQueue.executionTimeAvgNs,1714130285883000000,1714130345886000000,231461.64705882352
FlushQueue.queueSize90P,1714130285883000000,1714130345886000000,0
AWTEventQueue.dispatchTimeAvgNs,1714130285883000000,1714130345886000000,203626.96639118457
NonBlockingReadAction.failedExecutionsCount,1714130285883000000,1714130345886000000,0
NonBlockingReadAction.finalizedExecutionsCount,1714130285883000000,1714130345886000000,24
NonBlockingReadAction.failedExecutionTimeUs,1714130285883000000,1714130345886000000,0
AWTEventQueue.eventsDispatched,1714130285883000000,1714130345886000000,3630
FilePageCache.pageFastCacheHits,1714130345886000000,1714130364365000000,7086
StorageLockContext.competingThreads.max,1714130345886000000,1714130364365000000,0
FilePageCache.capacityInBytes,1714130345886000000,1714130364365000000,524288000
StorageLockContext.competingThreads.avg,1714130345886000000,1714130364365000000,0.0
FilePageCache.pageLoads,1714130345886000000,1714130364365000000,4
FilePageCache.uncachedFileAccess,1714130345886000000,1714130364365000000,19
DirectByteBufferAllocator.totalSizeOfBuffersCachedInBytes,1714130345886000000,1714130364365000000,0
FilePageCache.pageHits,1714130345886000000,1714130364365000000,125
DirectByteBufferAllocator.disposed,1714130345886000000,1714130364365000000,1651
DirectByteBufferAllocator.reclaimed,1714130345886000000,1714130364365000000,0
FilePageCache.maxCacheSizeInBytes,1714130345886000000,1714130364365000000,502554624
FilePageCache.totalPageLoadsUs,1714130345886000000,1714130364365000000,3605
FilePageCache.pageLoadsAboveSizeThreshold,1714130345886000000,1714130364365000000,0
FilePageCache.maxRegisteredFiles,1714130345886000000,1714130364365000000,718
FilePageCache.totalPageDisposalsUs,1714130345886000000,1714130364365000000,2
DirectByteBufferAllocator.misses,1714130345886000000,1714130364365000000,4
StorageLockContext.competingThreads.90P,1714130345886000000,1714130364365000000,0
DirectByteBufferAllocator.hits,1714130345886000000,1714130364365000000,0
FilePageCache.disposedBuffers,1714130345886000000,1714130364365000000,1651
FileNameCache.queries,1714130345886000000,1714130364365000000,196080
FileNameCache.fastMisses,1714130345886000000,1714130364365000000,3980
FileNameCache.totalMisses,1714130345886000000,1714130364365000000,6
NonBlockingReadAction.finalizedExecutionTimeUs,1714130345886000000,1714130364365000000,440373
NonBlockingReadAction.failedExecutionsCount,1714130345886000000,1714130364365000000,0
NonBlockingReadAction.finalizedExecutionsCount,1714130345886000000,1714130364365000000,41
NonBlockingReadAction.failedExecutionTimeUs,1714130345886000000,1714130364365000000,0
